id;name;email;financial_status;paid_at;line_item_quantity;line_item_name;shiping_name;shiping_address;shiping_street;shiping_address_2;shiping_company;shiping_city;shiping_zip;shiping_province;shiping_country;shiping_phone;note
1;mobile Fish;Lavinia44@hotmail.com;Small;2019-12-03;86617;Savings Account alarm;Tasty Metal Bacon;red Chips Soap;Home Loan Account;web-readiness;Namibia;Steel zero administration;Multi-channelled Licensed;grey Cambridgeshire;Canyon HDD;Table Small Frozen Sausages Planner;envisioneer Music Public-key
2;infomediaries;Leone.Kunde17@gmail.com;incentivize Tuna copy;2019-12-03;52006;Mayotte;Industrial;connect Markets Chief;capacitor archive;sky blue Tasty Plastic Pizza;compress South Georgia and the South Sandwich Islands;compelling mission-critical;bifurcated scalable;Small;deliverables reinvent 24 hour;overriding;monitor 1080p Checking Account
3;world-class Frozen IB;Isobel6@yahoo.com;moratorium moratorium;2019-12-03;59129;tangible Mississippi;Frozen bus;hard drive Robust Networked;Poland;Small partnerships;Outdoors;Harbor Montana;Corporate Phased relationships;white Brand Money Market Account;Salad Web virtual;Refined Squares;maroon
4;EXE projection Fresh;Emilio27@yahoo.com;withdrawal;2019-12-03;81801;SQL Games;Iraq Bedfordshire;Concrete 24/7 Directives;sky blue;Kenyan Shilling robust;Versatile Exclusive Moroccan Dirham;capability zero tolerance Computers;Analyst paradigms;encompassing;deposit Canadian Dollar Lebanon;Designer Persistent;Handmade 24/7 Re-contextualized
5;web-enabled invoice withdrawal;Raymundo_Borer15@yahoo.com;Bedfordshire;2019-12-03;4077;Kentucky Algerian Dinar Clothing;open-source turn-key;Sausages;disintermediate Cambridgeshire hacking;bricks-and-clicks Concrete Global;Fiji Dollar Profound Bacon;Macao Equatorial Guinea Vision-oriented;Agent;Human deposit;even-keeled Saint Helena Pound;Internal AI optical;bypassing Marketing
6;Dynamic Home Loan Account Tools;Trisha.Ondricka28@gmail.com;knowledge user;2019-12-03;69189;invoice Devolved;Computers Bedfordshire Fish;payment calculating;local area network Benin;turn-key dedicated;Wisconsin;target Human withdrawal;dot-com payment Libyan Dinar;white sensor local;calculate;Chips;Villages uniform PCI
7;Automotive Tactics architectures;Kiana_Windler7@hotmail.com;functionalities;2019-12-03;85113;infrastructure;mesh;Configuration UIC-Franc;Ergonomic Concrete Soap Zambian Kwacha;Concrete Bedfordshire;portal calculating Metal;real-time discrete redundant;Synergistic Personal Loan Account Sleek;Borders;olive Handcrafted Cotton Bacon Unbranded Fresh Pants;incubate;interfaces
8;Garden Dale Wallis and Futuna;Rogelio.McLaughlin25@gmail.com;Licensed Plastic Pants;2019-12-03;12706;South Georgia and the South Sandwich Islands;composite Orchestrator Club;Intelligent Granite Shirt Peru deposit;Frozen Analyst card;redundant;content;Gorgeous Electronics Brand;infomediaries Som Rustic Frozen Keyboard;Enterprise-wide Benin;Tuna Response invoice;alarm Jamaica;system Gorgeous Rubber Pants
9;hack;Eve4@gmail.com;Incredible Fresh Chips;2019-12-03;17533;Music connect;Hollow Shoes systems;Generic Frozen Tuna HTTP;implement;Optimization Cambridgeshire;payment Soap;Web;Outdoors New York Data;Jamaican Dollar North Carolina;Station;parsing Investment Account;Branding Dynamic black
10;yellow;Aida61@yahoo.com;robust withdrawal generate;2019-12-03;2327;open-source hybrid;Solomon Islands Dollar;Personal Loan Account HTTP;schemas Specialist China;quantify multi-byte;interface Cotton Robust;user-centric Infrastructure;Managed Dobra application;Fantastic;Liechtenstein Buckinghamshire monetize;Direct;Small Frozen Salad bypassing
