id;client_id;secret;created_at;updated_at
1;mobile Fish;Home Loan Account Table Computer;2019-08-13T02:25:34;2019-08-12T16:47:53
2;seamless Metal deposit;Producer;2019-08-12T07:50:30;2019-08-12T05:17:42
3;Electronics;Soap methodology Albania;2019-08-12T17:27:12;2019-08-13T03:16:00
4;Namibia;Steel zero administration;2019-08-12T19:01:39;2019-08-12T22:14:01
5;Licensed Savings Account;Cambridgeshire Mississippi;2019-08-13T02:42:19;2019-08-12T07:10:54
6;Yuan Renminbi Centers;Factors;2019-08-12T04:38:42;2019-08-12T14:18:05
7;envisioneer Music Public-key;infomediaries;2019-08-13T00:53:28;2019-08-12T13:10:49
8;backing up Salad;Digitized invoice;2019-08-12T20:20:21;2019-08-12T17:36:59
9;sky blue Georgia;Facilitator;2019-08-12T09:13:01;2019-08-12T17:01:34
10;e-enable Communications capacitor;Awesome;2019-08-12T23:06:59;2019-08-12T15:19:13
