id;tracking_number;tracking_company;tracking_url;paypal_tracker_id;created_at;updated_at;order_id
1;mobile Fish;Home Loan Account Table Computer;Trace;Savings Account alarm;2019-08-15T07:55:39;2019-08-15T07:04:04;1
2;transmitter Implementation Electronics;Soap methodology Albania;Home Namibia;Steel zero administration;2019-08-14T23:37:44;2019-08-15T02:50:06;2
3;Licensed Savings Account;Cambridgeshire Mississippi;HDD;Table Small Frozen Sausages Planner;2019-08-14T13:01:13;2019-08-14T23:10:18;3
4;Music;Nakfa;Bahamian Dollar Investment Account;Games Regional Digitized;2019-08-14T16:31:16;2019-08-14T14:17:35;4
5;convergence;Mayotte;Industrial;connect Markets Chief;2019-08-14T18:04:20;2019-08-14T14:58:02;5
6;archive Georgia Aruba;software scale interactive;Louisiana Specialist Home Loan Account;Plastic;2019-08-14T13:10:09;2019-08-15T04:27:19;6
7;Industrial;index orange;Jewelery;monitor;2019-08-14T14:55:32;2019-08-14T13:27:27;7
8;Checking Account Identity deposit;IB Investment Account archive;envisioneer;moratorium pixel withdrawal;2019-08-14T11:07:43;2019-08-14T18:57:07;8
9;embrace Developer;synthesize Idaho compress;Sleek Metal Table Small;Intelligent Outdoors;2019-08-14T17:08:52;2019-08-14T21:00:46;9
10;Montana;Corporate Phased relationships;white Brand Money Market Account;Salad Web virtual;2019-08-14T17:13:12;2019-08-15T05:53:23;10
